user_input,reference_contexts,reference,synthesizer_name
"What is the status group and premium amount associated with the insurance policy reference DE2500169/R01, and how does it compare to the policy DE2400169 based on the provided transaction data?","['policy_reference,status_group,premium,row_num DE2500169/R01,not_written,84274527852.0000000,1 DE2400169,written,84274527852.0000000,1']","According to the provided transaction data, the insurance policy reference DE2500169/R01 has a status group of not_written and a premium amount of 84274527852.0000000. In comparison, the policy DE2400169 has a status group of written and the same premium amount of 84274527852.0000000.",single_hop_specifc_query_synthesizer
What premium for DE2100126 policy?,"['policy_reference,premium DE2100126,1.0000000']",The premium for policy DE2100126 is 1.0000000.,single_hop_specifc_query_synthesizer
What DE2100098 mean?,"['policy_reference,premium_average,DE2100095,66.0000000000000000,DE2100098,1400000.000000000000,DE2100111,None,DE2100126,1.00000000000000000000,DE2100130,1.00000000000000000000,DE2100131,9.0000000000000000,DE2100200,None,DE2100201,None,DE2100221,600000.000000000000,DE2300051,5000.0000000000000000,DE2300071,200000.000000000000,DE2300100,None,DE2300102,None,DE2300108,None,DE2300109,None,DE2300110,None,DE2300111,10000.0000000000000000,DE2300115,10000.0000000000000000,DE2300116,None,DE2300119,None,DE2300120,5050000.000000000000,DE2300121,500000000.00000000,DE2300122,10000000.000000000000,DE2300123,30000.000000000000,DE2300124,200000.000000000000,DE2300132,200000.000000000000,DE2300133,30000.000000000000,DE2300134,None,DE2300135,30000.000000000000,DE2300136,50000.000000000000,DE2300137,40000.000000000000,DE2300138,30000.000000000000,DE2300139,15000.0000000000000000,DE2300140,10000.0000000000000000,DE2300141,60000.000000000000,DE2300142,50000.000000000000,DE2300143,10000.0000000000000000,DE230']",DE2100098 have premium average 1400000.000000000000.,single_hop_specifc_query_synthesizer
What is the transaction amount for DE2300143?,"['00000000,DE2300138,30000.000000000000,DE2300139,15000.0000000000000000,DE2300140,10000.0000000000000000,DE2300141,60000.000000000000,DE2300142,50000.000000000000,DE2300143,10000.0000000000000000,DE2300146,10000000.000000000000,DE2300147,200000.000000000000,DE2300159,None,DE2300174,250000.000000000000,DE2300176,10000.0000000000000000,DE2300178,300000.000000000000,DE2300187,90000.000000000000,DE2300188,100000.000000000000,DE2300210,None,DE2300212,100000.000000000000,DE2300213,None,DE2300214,200000.000000000000,DE2300215,1200000.000000000000,DE2300223,100000.000000000000,DE2300229,100000.000000000000,DE2300234,10000000.000000000000,DE2300235,2000000.000000000000,DE2300240,500000.000000000000,DE2300253,None,DE2400038,2000000.000000000000,DE2400039,600000.000000000000,DE2400041,None,DE2400042,15000.0000000000000000,DE2400043,50000.000000000000,DE2400044,None,DE2400046,50000.000000000000,DE2400047,2000000.000000000000,DE2400047/R01,589000000.00000000,DE2400048,455877.000000000000,DE2400049,5']",The transaction amount for DE2300143 is 10000.0000000000000000.,single_hop_specifc_query_synthesizer
"Based on the available financial transactions and policy records, what patterns can be identified in the performance and completeness of facultative reinsurance policies, and how do missing or 'not_written' entries impact the overall financial outcomes compared to written facultative reinsurance transactions?","['<1-hop>\n\n00000000,DE2300138,30000.000000000000,DE2300139,15000.0000000000000000,DE2300140,10000.0000000000000000,DE2300141,60000.000000000000,DE2300142,50000.000000000000,DE2300143,10000.0000000000000000,DE2300146,10000000.000000000000,DE2300147,200000.000000000000,DE2300159,None,DE2300174,250000.000000000000,DE2300176,10000.0000000000000000,DE2300178,300000.000000000000,DE2300187,90000.000000000000,DE2300188,100000.000000000000,DE2300210,None,DE2300212,100000.000000000000,DE2300213,None,DE2300214,200000.000000000000,DE2300215,1200000.000000000000,DE2300223,100000.000000000000,DE2300229,100000.000000000000,DE2300234,10000000.000000000000,DE2300235,2000000.000000000000,DE2300240,500000.000000000000,DE2300253,None,DE2400038,2000000.000000000000,DE2400039,600000.000000000000,DE2400041,None,DE2400042,15000.0000000000000000,DE2400043,50000.000000000000,DE2400044,None,DE2400046,50000.000000000000,DE2400047,2000000.000000000000,DE2400047/R01,589000000.00000000,DE2400048,455877.000000000000,DE2400049,5', '<2-hop>\n\n00:00:00+00:00,not_written,facultative-reinsurance,None,None,None,None;2025-06-01 00:00:00+00:00,written,facultative-reinsurance,50000.0000000,50000.0000000,0E-7,0.00;2025-07-01 00:00:00+00:00,written,direct,50000.0000000,8000000.0000000,-7950000.0000000,-99.38;2025-07-01 00:00:00+00:00,not_written,direct,120000.0000000,150000.0000000,-30000.0000000,-20.00', '<3-hop>\n\n00:00:00+00:00,not_written,direct,1490006.0000000,6400000.0000000,-4909994.0000000,-76.72;2024-10-01 00:00:00+00:00,not_written,facultative-reinsurance,None,None,None,None;2024-11-01 00:00:00+00:00,not_written,co-insurance,None,None,None,None;2024-11-01 00:00:00+00:00,written,direct,30525000.0000000,900000.0000000,29625000.0000000,3291.67;2024-11-01 00:00:00+00:00,not_written,direct,50001.0000000,1490006.0000000,-1440005.0000000,-96.64;2024-11-01 00:00:00+00:00,written,facultative-reinsurance,50000.0000000,150000.0000000,-100000.0000000,-66.67;2024-11-01 00:00:00+00:00,not_written,facultative-reinsurance,35000.0000000,None,None,None;2024-12-01 00:00:00+00:00,not_written,direct,620000.0000000,50001.0000000,569999.0000000,1139.98;2024-12-01 00:00:00+00:00,written,direct,84839182507.0000000,30525000.0000000,84808657507.0000000,277833.44;2024-12-01 00:00:00+00:00,not_written,facultative-reinsurance,None,35000.0000000,None,None;2025-01-01']","Analysis of the provided financial transactions and policy records reveals several patterns regarding facultative reinsurance policies. In the <2-hop> segment, there are both 'written' and 'not_written' facultative reinsurance entries. For example, on 2025-06-01, a written facultative reinsurance transaction shows a premium and claim amount of 50000.0000000, with no loss or percentage change, indicating a balanced transaction. In contrast, the <3-hop> segment contains multiple 'not_written' facultative reinsurance entries, such as on 2024-10-01 and 2024-11-01, where premium and claim amounts are either missing or set to 'None', resulting in incomplete financial data. Additionally, a written facultative reinsurance transaction on 2024-11-01 shows a premium of 50000.0000000 and a claim of 150000.0000000, resulting in a significant loss of -100000.0000000 and a percentage change of -66.67. The presence of missing or 'not_written' entries in both <2-hop> and <3-hop> segments highlights data completeness issues, which hinder accurate assessment of financial outcomes. Compared to written facultative reinsurance transactions, which provide clear financial results, the incomplete or missing data from 'not_written' entries make it difficult to fully evaluate policy performance and overall financial impact.",multi_hop_abstract_query_synthesizer
what insurance transactions got big financial transactions and written status?,"['<1-hop>\n\n00000000,DE2300138,30000.000000000000,DE2300139,15000.0000000000000000,DE2300140,10000.0000000000000000,DE2300141,60000.000000000000,DE2300142,50000.000000000000,DE2300143,10000.0000000000000000,DE2300146,10000000.000000000000,DE2300147,200000.000000000000,DE2300159,None,DE2300174,250000.000000000000,DE2300176,10000.0000000000000000,DE2300178,300000.000000000000,DE2300187,90000.000000000000,DE2300188,100000.000000000000,DE2300210,None,DE2300212,100000.000000000000,DE2300213,None,DE2300214,200000.000000000000,DE2300215,1200000.000000000000,DE2300223,100000.000000000000,DE2300229,100000.000000000000,DE2300234,10000000.000000000000,DE2300235,2000000.000000000000,DE2300240,500000.000000000000,DE2300253,None,DE2400038,2000000.000000000000,DE2400039,600000.000000000000,DE2400041,None,DE2400042,15000.0000000000000000,DE2400043,50000.000000000000,DE2400044,None,DE2400046,50000.000000000000,DE2400047,2000000.000000000000,DE2400047/R01,589000000.00000000,DE2400048,455877.000000000000,DE2400049,5', '<2-hop>\n\n00:00:00+00:00,not_written,direct,1490006.0000000,6400000.0000000,-4909994.0000000,-76.72;2024-10-01 00:00:00+00:00,not_written,facultative-reinsurance,None,None,None,None;2024-11-01 00:00:00+00:00,not_written,co-insurance,None,None,None,None;2024-11-01 00:00:00+00:00,written,direct,30525000.0000000,900000.0000000,29625000.0000000,3291.67;2024-11-01 00:00:00+00:00,not_written,direct,50001.0000000,1490006.0000000,-1440005.0000000,-96.64;2024-11-01 00:00:00+00:00,written,facultative-reinsurance,50000.0000000,150000.0000000,-100000.0000000,-66.67;2024-11-01 00:00:00+00:00,not_written,facultative-reinsurance,35000.0000000,None,None,None;2024-12-01 00:00:00+00:00,not_written,direct,620000.0000000,50001.0000000,569999.0000000,1139.98;2024-12-01 00:00:00+00:00,written,direct,84839182507.0000000,30525000.0000000,84808657507.0000000,277833.44;2024-12-01 00:00:00+00:00,not_written,facultative-reinsurance,None,35000.0000000,None,None;2025-01-01', '<3-hop>\n\n00:00:00+00:00,written,4025000.0000000,1435000.0000000,2590000.0000000,180.49,2024-10-01 00:00:00+00:00,written,36285077.0000000,4025000.0000000,32260077.0000000,801.49,2024-10-01 00:00:00+00:00,not_written,5010000.0000000,210000.0000000,4800000.0000000,2285.71,2024-11-01 00:00:00+00:00,written,41092000.0000000,36285077.0000000,4806923.0000000,13.25,2024-12-01 00:00:00+00:00,written,84839182507.0000000,41092000.0000000,84798090507.0000000,206361.56,2024-12-01 00:00:00+00:00,not_written,200000.0000000,5010000.0000000,-4810000.0000000,-96.01,2025-01-01 00:00:00+00:00,written,2918341414.0000000,84839182507.0000000,-81920841093.0000000,-96.56,2025-02-01 00:00:00+00:00,not_written,60000.0000000,200000.0000000,-140000.0000000,-70.00,2025-02-01 00:00:00+00:00,written,130000.0000000,2918341414.0000000,-2918211414.0000000,-100.00,2025-03-01 00:00:00+00:00,written,4350013.0000000,130000.0000000,4220013.0000000,3246.16,2025-03-01']","From the context, insurance transactions with written status and big financial transactions include: on 2024-12-01, a direct written transaction of 84839182507.0000000 with a previous value of 30525000.0000000, resulting in 84808657507.0000000; also on 2024-12-01, a written transaction of 84839182507.0000000 with a previous value of 41092000.0000000, resulting in 84798090507.0000000. These show large financial transactions linked to written insurance transactions.",multi_hop_abstract_query_synthesizer
"How you track policy status when some data missing and not written, and what problem with data completeness and integrity from these records in direct and facultative-reinsurance transactions?","['<1-hop>\n\n00:00:00+00:00,written,direct,39370000.0000000,50000.0000000,39320000.0000000,78640.00;2023-10-01 00:00:00+00:00,written,direct,200000.0000000,39370000.0000000,-39170000.0000000,-99.49;2023-12-01 00:00:00+00:00,not_written,direct,250000.0000000,501310000.0000000,-501060000.0000000,-99.95;2024-01-01 00:00:00+00:00,written,direct,3280000.0000000,200000.0000000,3080000.0000000,1540.00;2024-01-01 00:00:00+00:00,not_written,direct,130000.0000000,250000.0000000,-120000.0000000,-48.00;2024-01-01 00:00:00+00:00,not_written,facultative-reinsurance,None,None,None,None;2024-02-01 00:00:00+00:00,not_written,direct,None,130000.0000000,None,None;2024-02-01 00:00:00+00:00,written,direct,87000.0000000,3280000.0000000,-3193000.0000000,-97.35;2024-03-01 00:00:00+00:00,not_written,direct,90000.0000000,None,None,None;2024-03-01 00:00:00+00:00,not_written,facultative-reinsurance,25000.0000000,None,None,None;2024-05-01 00:00:00+00:00,not_written,co-insurance,30000.0000000,None,None,None;2024-05-01', '<2-hop>\n\n00:00:00+00:00,not_written,direct,1490006.0000000,6400000.0000000,-4909994.0000000,-76.72;2024-10-01 00:00:00+00:00,not_written,facultative-reinsurance,None,None,None,None;2024-11-01 00:00:00+00:00,not_written,co-insurance,None,None,None,None;2024-11-01 00:00:00+00:00,written,direct,30525000.0000000,900000.0000000,29625000.0000000,3291.67;2024-11-01 00:00:00+00:00,not_written,direct,50001.0000000,1490006.0000000,-1440005.0000000,-96.64;2024-11-01 00:00:00+00:00,written,facultative-reinsurance,50000.0000000,150000.0000000,-100000.0000000,-66.67;2024-11-01 00:00:00+00:00,not_written,facultative-reinsurance,35000.0000000,None,None,None;2024-12-01 00:00:00+00:00,not_written,direct,620000.0000000,50001.0000000,569999.0000000,1139.98;2024-12-01 00:00:00+00:00,written,direct,84839182507.0000000,30525000.0000000,84808657507.0000000,277833.44;2024-12-01 00:00:00+00:00,not_written,facultative-reinsurance,None,35000.0000000,None,None;2025-01-01', '<3-hop>\n\n94,2500.0000000000000000,DE2400224,None,DE2400226,None,DE2400227,None,DE2400249,None,DE2500093,100000.000000000000,DE2500134,None,DE2500161/R01,200000.000000000000,DE2500162/R01,1.00000000000000000000,DE2500165,None,DE2500166,None,DE2500169,2500000000.00000000,DE2500169/R01,84274527852.00000000,DE2500170,414141414.00000000,DE2500171,4100000.000000000000,DE2500172,None,DE2500175,None,DE2500177,None,DE2500179,3000.0000000000000000,DE2500181,130000.000000000000,DE2500183,None,DE2500184,60000.000000000000,DE2500186,None,DE2500189,None,DE2500190,None,DE2500191,100000.000000000000,DE2500192,12.0000000000000000,DE2500195,1.00000000000000000000,DE2500196,50000.000000000000,DE2500197,40000.000000000000,DE2500198,1500000.000000000000,DE2500199,700000.000000000000,DE2500202,30000.000000000000,DE2500203,None,DE2500204,None,DE2500205,150000.000000000000,DE2500206,120000.000000000000,DE2500207,None,DE2500208,None,DE2500209,None,DE2500211,15000.0000000000000000,DE2500216,None,DE2500217,None,DE2500218']","Policy status tracking is hard when many records show not_written and missing values like None for amounts and dates, especially in direct and facultative-reinsurance transactions. For example, in <1-hop> and <2-hop> segments, several entries for not_written policies have None for premium, sum insured, or other financials, making it difficult to know actual policy status or performance. This missing data cause problem for data completeness and integrity because you cannot analyze all transactions fully or compare written and not_written policies accurately. Also, in <3-hop>, some policy IDs have None for amounts, showing more gaps. So, incomplete records and missing values make tracking and analysis unreliable.",multi_hop_abstract_query_synthesizer
"How much financial transactions and insurance transactions got None or not written, and what is the effect on total policy performance, like, if you look at the first context with all those DE numbers and None values, and then in the second context, you see not_written and None for some insurance transactions, so what does it mean for the financial outcomes and data gaps, and how does it make it hard for analyst to decide about the policies?","['<1-hop>\n\n5000.0000000000000000,DE2400043,50000.000000000000,DE2400044,None,DE2400046,50000.000000000000,DE2400047,2000000.000000000000,DE2400047/R01,589000000.00000000,DE2400048,455877.000000000000,DE2400049,500000.000000000000,DE2400050,60000.000000000000,DE2400051,55000.000000000000,DE2400052,5000000.000000000000,DE2400054,60000.000000000000,DE2400055,25000.000000000000,DE2400056,50000.000000000000,DE2400057,15000000.000000000000,DE2400058,1000000.000000000000,DE2400059,None,DE2400060,None,DE2400061,None,DE2400062,150000.000000000000,DE2400063,100000.000000000000,DE2400064,100000.000000000000,DE2400065,150000.000000000000,DE2400066,None,DE2400067,None,DE2400068,None,DE2400070,110000.000000000000,DE2400071/R01,200000.000000000000,DE2400072,100000.000000000000,DE2400074,None,DE2400075,2000000.000000000000,DE2400076,None,DE2400077,1000000.000000000000,DE2400078,600000.000000000000,DE2400079,500000.000000000000,DE2400080,25000.000000000000,DE2400081,None,DE2400082,100000.000000000000,DE2400083,10', '<2-hop>\n\n00:00:00+00:00,not_written,facultative-reinsurance,25000.0000000,None,None,None;2024-05-01 00:00:00+00:00,not_written,co-insurance,30000.0000000,None,None,None;2024-05-01 00:00:00+00:00,not_written,direct,915790.0000000,90000.0000000,825790.0000000,917.54;2024-05-01 00:00:00+00:00,written,facultative-reinsurance,150000.0000000,120000.0000000,30000.0000000,25.00;2024-06-01 00:00:00+00:00,not_written,direct,16615000.0000000,915790.0000000,15699210.0000000,1714.28;2024-06-01 00:00:00+00:00,written,direct,9180000.0000000,87000.0000000,9093000.0000000,10451.72;2024-06-01 00:00:00+00:00,not_written,facultative-reinsurance,None,25000.0000000,None,None;2024-07-01 00:00:00+00:00,not_written,direct,3115877.0000000,16615000.0000000,-13499123.0000000,-81.25;2024-07-01 00:00:00+00:00,written,direct,5150000.0000000,9180000.0000000,-4030000.0000000,-43.90;2024-08-01 00:00:00+00:00,not_written,direct,50000.0000000,3115877.0000000,-3065877.0000000,-98.40;2024-08-01']","In the first context, many financial transactions linked to DE numbers have None values, such as DE2400046, DE2400059, DE2400060, DE2400061, DE2400066, DE2400067, DE2400068, DE2400074, DE2400076, DE2400081, which means no transaction amount is recorded for those insurance policies. In the second context, several insurance transactions are marked as not_written and have None for amounts, like the facultative-reinsurance on 00:00:00+00:00 and 2024-06-01, and some direct transactions also have None values. This creates data gaps because the analyst cannot evaluate the performance or financial outcome for those policies, since missing or not written transactions mean incomplete information. The effect is that it is hard to calculate total policy performance and financial outcomes accurately, and the analyst cannot make good decisions about those policies due to missing data in both financial transactions and insurance transactions.",multi_hop_abstract_query_synthesizer
"What are the recorded premium values for the policy references DE2100201 and DE2500162/R01, and how do their data completeness statuses compare across the provided insurance transaction records?","['<1-hop>\n\n94,2500.0000000000000000,DE2400224,None,DE2400226,None,DE2400227,None,DE2400249,None,DE2500093,100000.000000000000,DE2500134,None,DE2500161/R01,200000.000000000000,DE2500162/R01,1.00000000000000000000,DE2500165,None,DE2500166,None,DE2500169,2500000000.00000000,DE2500169/R01,84274527852.00000000,DE2500170,414141414.00000000,DE2500171,4100000.000000000000,DE2500172,None,DE2500175,None,DE2500177,None,DE2500179,3000.0000000000000000,DE2500181,130000.000000000000,DE2500183,None,DE2500184,60000.000000000000,DE2500186,None,DE2500189,None,DE2500190,None,DE2500191,100000.000000000000,DE2500192,12.0000000000000000,DE2500195,1.00000000000000000000,DE2500196,50000.000000000000,DE2500197,40000.000000000000,DE2500198,1500000.000000000000,DE2500199,700000.000000000000,DE2500202,30000.000000000000,DE2500203,None,DE2500204,None,DE2500205,150000.000000000000,DE2500206,120000.000000000000,DE2500207,None,DE2500208,None,DE2500209,None,DE2500211,15000.0000000000000000,DE2500216,None,DE2500217,None,DE2500218', '<2-hop>\n\npolicy_reference,premium_average,DE2100095,66.0000000000000000,DE2100098,1400000.000000000000,DE2100111,None,DE2100126,1.00000000000000000000,DE2100130,1.00000000000000000000,DE2100131,9.0000000000000000,DE2100200,None,DE2100201,None,DE2100221,600000.000000000000,DE2300051,5000.0000000000000000,DE2300071,200000.000000000000,DE2300100,None,DE2300102,None,DE2300108,None,DE2300109,None,DE2300110,None,DE2300111,10000.0000000000000000,DE2300115,10000.0000000000000000,DE2300116,None,DE2300119,None,DE2300120,5050000.000000000000,DE2300121,500000000.00000000,DE2300122,10000000.000000000000,DE2300123,30000.000000000000,DE2300124,200000.000000000000,DE2300132,200000.000000000000,DE2300133,30000.000000000000,DE2300134,None,DE2300135,30000.000000000000,DE2300136,50000.000000000000,DE2300137,40000.000000000000,DE2300138,30000.000000000000,DE2300139,15000.0000000000000000,DE2300140,10000.0000000000000000,DE2300141,60000.000000000000,DE2300142,50000.000000000000,DE2300143,10000.0000000000000000,DE230']","According to the provided insurance transaction records, the policy reference DE2100201 appears in the <2-hop> segment with a premium value of None, indicating missing or incomplete data for this policy. In contrast, DE2500162/R01 is listed in the <1-hop> segment with a premium value of 1.00000000000000000000, showing that its premium data is present and complete. Therefore, DE2100201 has incomplete premium data, while DE2500162/R01 has a recorded and complete premium value.",multi_hop_specific_query_synthesizer
whts DE2400082 and DE2500208 amunt?,"['<1-hop>\n\n03,None,DE2500204,None,DE2500205,150000.000000000000,DE2500206,120000.000000000000,DE2500207,None,DE2500208,None,DE2500209,None,DE2500211,15000.0000000000000000,DE2500216,None,DE2500217,None,DE2500218,None,DE2500219,None,DE2500220,10000.0000000000000000,DE2500222,None,DE2500225,None,DE2500228,150000.000000000000,DE2500228/R01,150000.000000000000,DE2500230,65000.000000000000,DE2500231,None,DE2500232,40000.000000000000,DE2500233,None,DE2500236,None,DE2500237,None,DE2500238,None,DE2500239,50000.000000000000,DE2500241,None,DE2500242,None,DE2500243,None,DE2500244,None,DE2500245,50000.000000000000,DE2500246,2000000.000000000000,DE2500247,120000.000000000000,DE2500248,50000.000000000000,DE2500250,8000000.000000000000,DE2500251,None,DE2500252,None,S.2300002,35000.000000000000,S.2300003,25000.000000000000,S.2300007,100000.000000000000,S.2300008,120000.000000000000,S.2400001,90000.000000000000,S.2400004,None,S.2400005,None,S.2400006,25000.000000000000,S.2400009,60000.000000000000,S.2400010,None,', '<2-hop>\n\n0000000,DE2400076,None,DE2400077,1000000.000000000000,DE2400078,600000.000000000000,DE2400079,500000.000000000000,DE2400080,25000.000000000000,DE2400081,None,DE2400082,100000.000000000000,DE2400083,100000.000000000000,DE2400084,100000.000000000000,DE2400085,3000000.000000000000,DE2400086,150000.000000000000,DE2400088,None,DE2400090,4000000.000000000000,DE2400091,1000000.000000000000,DE2400098,None,DE2400102,1100000.000000000000,DE2400103,None,DE2400104,400000.000000000000,DE2400106,200000.000000000000,DE2400107,1000000.000000000000,DE2400109,None,DE2400110,None,DE2400117,None,DE2400124,None,DE2400126/R01,1.00000000000000000000,DE2400129,None,DE2400131,30000000.000000000000,DE2400132,50000.000000000000,DE2400133,None,DE2400134,6.0000000000000000,DE2400135,20000.000000000000,DE2400136,35000.000000000000,DE2400137,600000.000000000000,DE2400138,None,DE2400139,30000.000000000000,DE2400140,None,DE2400143,87000.000000000000,DE2400144,None,DE2400145,525000.000000000000,DE2400148,None,DE2400149']","DE2400082 has an amount of 100000.000000000000 in <2-hop>, while DE2500208 has None in <1-hop>.",multi_hop_specific_query_synthesizer
"DE2400137 and DE2400227, what money they got?","['<1-hop>\n\n94,2500.0000000000000000,DE2400224,None,DE2400226,None,DE2400227,None,DE2400249,None,DE2500093,100000.000000000000,DE2500134,None,DE2500161/R01,200000.000000000000,DE2500162/R01,1.00000000000000000000,DE2500165,None,DE2500166,None,DE2500169,2500000000.00000000,DE2500169/R01,84274527852.00000000,DE2500170,414141414.00000000,DE2500171,4100000.000000000000,DE2500172,None,DE2500175,None,DE2500177,None,DE2500179,3000.0000000000000000,DE2500181,130000.000000000000,DE2500183,None,DE2500184,60000.000000000000,DE2500186,None,DE2500189,None,DE2500190,None,DE2500191,100000.000000000000,DE2500192,12.0000000000000000,DE2500195,1.00000000000000000000,DE2500196,50000.000000000000,DE2500197,40000.000000000000,DE2500198,1500000.000000000000,DE2500199,700000.000000000000,DE2500202,30000.000000000000,DE2500203,None,DE2500204,None,DE2500205,150000.000000000000,DE2500206,120000.000000000000,DE2500207,None,DE2500208,None,DE2500209,None,DE2500211,15000.0000000000000000,DE2500216,None,DE2500217,None,DE2500218', '<2-hop>\n\n000000000000,DE2400137,600000.000000000000,DE2400138,None,DE2400139,30000.000000000000,DE2400140,None,DE2400143,87000.000000000000,DE2400144,None,DE2400145,525000.000000000000,DE2400148,None,DE2400149,None,DE2400150,None,DE2400151,None,DE2400152,None,DE2400153,None,DE2400154,None,DE2400155,None,DE2400156,100000.000000000000,DE2400157,100000.000000000000,DE2400158,None,DE2400159,564654654.00000000,DE2400160,200000.000000000000,DE2400161,200000.000000000000,DE2400162,1.00000000000000000000,DE2400163,None,DE2400164,None,DE2400165,None,DE2400166,None,DE2400167,None,DE2400168,None,DE2400169,84274527852.00000000,DE2400170,None,DE2400171,50000.000000000000,DE2400172,50000.000000000000,DE2400173,1000000.000000000000,DE2400180,None,DE2400182,None,DE2400185,None,DE2400193,150000.000000000000,DE2400194,2500.0000000000000000,DE2400224,None,DE2400226,None,DE2400227,None,DE2400249,None,DE2500093,100000.000000000000,DE2500134,None,DE2500161/R01,200000.000000000000,DE2500162/R01,1.00000000000000000000']",DE2400137 got 600000.000000000000 from <2-hop>. DE2400227 got None from both <1-hop> and <2-hop>.,multi_hop_specific_query_synthesizer
What are the written direct policy financial outcomes for 2024-09-01 and 2025-02-01?,"['<1-hop>\n\n00:00:00+00:00,written,direct,5150000.0000000,9180000.0000000,-4030000.0000000,-43.90;2024-08-01 00:00:00+00:00,not_written,direct,50000.0000000,3115877.0000000,-3065877.0000000,-98.40;2024-08-01 00:00:00+00:00,written,direct,605435000.0000000,5150000.0000000,600285000.0000000,11656.02;2024-09-01 00:00:00+00:00,not_written,co-insurance,None,30000.0000000,None,None;2024-09-01 00:00:00+00:00,written,direct,5475000.0000000,605435000.0000000,-599960000.0000000,-99.10;2024-09-01 00:00:00+00:00,not_written,direct,6400000.0000000,50000.0000000,6350000.0000000,12700.00;2024-09-01 00:00:00+00:00,not_written,facultative-reinsurance,None,None,None,None;2024-10-01 00:00:00+00:00,written,direct,900000.0000000,5475000.0000000,-4575000.0000000,-83.56;2024-10-01 00:00:00+00:00,not_written,direct,1490006.0000000,6400000.0000000,-4909994.0000000,-76.72;2024-10-01 00:00:00+00:00,not_written,facultative-reinsurance,None,None,None,None;2024-11-01', '<2-hop>\n\n00:00:00+00:00,written,4025000.0000000,1435000.0000000,2590000.0000000,180.49,2024-10-01 00:00:00+00:00,written,36285077.0000000,4025000.0000000,32260077.0000000,801.49,2024-10-01 00:00:00+00:00,not_written,5010000.0000000,210000.0000000,4800000.0000000,2285.71,2024-11-01 00:00:00+00:00,written,41092000.0000000,36285077.0000000,4806923.0000000,13.25,2024-12-01 00:00:00+00:00,written,84839182507.0000000,41092000.0000000,84798090507.0000000,206361.56,2024-12-01 00:00:00+00:00,not_written,200000.0000000,5010000.0000000,-4810000.0000000,-96.01,2025-01-01 00:00:00+00:00,written,2918341414.0000000,84839182507.0000000,-81920841093.0000000,-96.56,2025-02-01 00:00:00+00:00,not_written,60000.0000000,200000.0000000,-140000.0000000,-70.00,2025-02-01 00:00:00+00:00,written,130000.0000000,2918341414.0000000,-2918211414.0000000,-100.00,2025-03-01 00:00:00+00:00,written,4350013.0000000,130000.0000000,4220013.0000000,3246.16,2025-03-01']","On 2024-09-01, the written direct policy had a premium of 5,475,000.0000000, a loss of 605,435,000.0000000, resulting in a net outcome of -599,960,000.0000000 and a loss ratio of -99.10. On 2025-02-01, the written direct policy had a premium of 130,000.0000000, a loss of 2,918,341,414.0000000, resulting in a net outcome of -2,918,211,414.0000000 and a loss ratio of -100.00.",multi_hop_specific_query_synthesizer
